source,reference,MMT (baseline),LLM (base),BLEU (MMT base),BLEU (LLM base),BLEU (difference base MMT/LLM),chrF3 (MMT base),chrF3 (LLM base),chrF3 (difference base MMT/LLM),COMET (MMT base),COMET (LLM base),COMET (difference base MMT/LLM)
"﻿Preliminary Estimates of the Prevalence of Selected Underlying Health Conditions Among Patients with Coronavirus Disease 2019 — United States, February 12–March 28, 2020","﻿Stime Preliminari sulla Prevalenza di Patologie Pregresse Selezionate tra Pazienti affetti da Malattia da Coronavirus 2019 — Stati Uniti, 12 febbraio -— 28 marzo 2020","﻿Preliminary Estimates of the Prevalence of Selected Underlying Health Conditions Among Patients with Coronavirus Disease 2019 — Stati Uniti, 12 febbraio - 28 marzo 2020","﻿Stime Preliminari della Prevalenza di Alcune Condizioni di Salute Sottostanti Selezionate tra i Pazienti con Malattia del Coronavirus 2019 — Stati Uniti, 12 febbraio-28 marzo 2020",27.699,29.974,-2.275,48.764,69.379,-20.615,0.651,0.836,-0.185
Reports from China and Italy suggest that risk factors for severe disease include older age and the presence of at least one of several underlying health conditions.,I report dalla Cina e dall’Italia suggeriscono che i fattori di rischio di malattia grave includono l’età avanzata e la presenza di almeno una tra alcune patologie pregresse.,Rapporti provenienti da Cina e Italia suggeriscono che i fattori di rischio per la malattia grave includono l'età avanzata e la presenza di almeno una delle diverse condizioni di salute di base.,Rapporti provenienti dalla Cina e dall'Italia suggeriscono che i fattori di rischio per la malattia grave includono l'età avanzata e la presenza di almeno una delle seguenti condizioni di salute sottostanti.,37.586,40.944,-3.358,67.008,71.632,-4.624,0.925,0.932,-0.007
"Among these 7,162 cases, 2,692 (37.6%) patients had one or more underlying health condition or risk factor, and 4,470 (62.4%) had none of these conditions reported.","Di questi 7.162 casi, 2.692 (37,6%) pazienti erano affetti da una o più patologie pregresse o fattori di rischio, e 4.470 (62,4%) non presentavano alcuna condizione tra quelle segnalate.","Tra questi 7.162 casi, 2.692 (37,6%) pazienti presentavano una o più condizioni di salute o fattori di rischio sottostanti e 4.470 (62,4%) non avevano riportato nessuna di queste condizioni.","Tra questi 7.162 casi, 2.692 (37,6%) pazienti avevano una o più condizioni di salute sottostanti o fattori di rischio, e 4.470 (62,4%) non avevano nessuna di queste condizioni riportate.",48.761,55.973,-7.212,61.269,59.33,1.939,0.934,0.934,0.0
"These preliminary findings suggest that in the United States, persons with underlying health conditions or other recognized risk factors for severe outcomes from respiratory infections appear to be at a higher risk for severe disease from COVID-19 than are persons without these conditions.","Questi risultati preliminari suggeriscono che, negli Stati Uniti, le persone con patologie pregresse o altri fattori di rischio riconosciuti per complicanze gravi da infezioni respiratorie presentino un maggiore rischio di malattia grave da COVID-19 rispetto alle persone senza queste patologie.","Questi risultati preliminari suggeriscono che negli Stati Uniti, le persone con condizioni di salute di base o altri fattori di rischio riconosciuti per esiti gravi da infezioni respiratorie sembrano essere a più alto rischio di malattia grave da COVID-19 rispetto alle persone senza queste condizioni.","Questi risultati preliminari suggeriscono che negli Stati Uniti, le persone con condizioni di salute sottostanti o altri fattori di rischio riconosciuti per esiti gravi a seguito di infezioni respiratorie sembrano essere ad un maggior rischio per una malattia grave da COVID-19 rispetto alle persone senza queste condizioni.",57.343,48.441,8.902,77.013,75.41,1.603,0.877,0.867,0.01
"For cases with missing onset dates, date of onset was estimated by subtracting 4 days (median interval from symptom onset to specimen collection date among cases with known dates in these data) from the earliest specimen collection.","Quanto ai casi con dati mancanti sull’insorgenza, la data dell’insorgenza è stata stimata sottraendo 4 giorni (intervallo mediano tra l’insorgenza dei sintomi e la data di raccolta dei campioni tra i casi con date note in questi dati) dalla prima raccolta di campioni.","Per i casi con date di insorgenza mancanti, la data di insorgenza è stata stimata sottraendo 4 giorni (intervallo mediano dall'insorgenza dei sintomi alla data di raccolta del campione tra i casi con date note in questi dati) dalla prima raccolta del campione.","Per i casi con date di insorgenza mancanti, la data di insorgenza è stata stimata sottraendo 4 giorni (intervallo mediano dall'insorgenza dei sintomi alla data di raccolta del campione tra i casi con date note in questi dati) dalla data di raccolta del campione più precoce.",51.697,44.516,7.181,79.922,76.624,3.298,0.901,0.899,0.002
"The percentages of patients of all ages with underlying health conditions who were not hospitalized, hospitalized without ICU admission, and hospitalized with ICU admission were calculated.","Sono state calcolate le percentuali dei pazienti di tutte le età con patologie pregresse che non sono stati ospedalizzati, che sono stati ospedalizzati senza ammissione in UTI, e che sono stati ospedalizzati con ammissione in UTI.","Sono state calcolate le percentuali di pazienti di tutte le età con condizioni di salute di base che non sono stati ricoverati in ospedale, ricoverati in ospedale senza ricovero in terapia intensiva e ricoverati in ospedale con ricovero in terapia intensiva.","Le percentuali di pazienti di tutte le età con condizioni di salute sottostanti che non sono stati ricoverati, ricoverati senza ammissione in terapia intensiva e ricoverati con ammissione in terapia intensiva sono state calcolate.",26.34,26.389,-0.049,49.666,54.806,-5.14,0.783,0.752,0.031
"To account for missing data among these preliminary reports, ranges were estimated with a lower bound including cases with both known and unknown status for hospitalization with and without ICU admission as the denominator and an upper bound using only cases with known outcome status as the denominator.","Per tenere conto dei dati mancanti in questi report preliminari, gli intervalli sono stati stimati con un limite inferiore comprendente come denominatore i casi sia con stato conosciuto che sconosciuto sull’ospedalizzazione con e senza ricovero in UTI, e un limite superiore che utilizzava come denominatore solo i casi con stato dell’esito conosciuto.","Per tenere conto dei dati mancanti tra questi rapporti preliminari, sono stati stimati intervalli con un limite inferiore che includeva casi con stato noto e sconosciuto per il ricovero in ospedale con e senza ricovero in terapia intensiva come denominatore e un limite superiore utilizzando solo casi con stato di esito noto come denominatore.","Per tenere conto dei dati mancanti in questi rapporti preliminari, sono state stimate le fasce con un limite inferiore che comprende i casi con status noto e ignoto per il ricovero con e senza ammissione in terapia intensiva come denominatore e un limite superiore che utilizza solo i casi con stato di esito noto come denominatore.",31.411,34.267,-2.856,67.987,64.983,3.004,0.844,0.826,0.018
"Case report forms were submitted to CDC for 74,439 (60.7%) cases.","Sono stati consegnati ai CDC moduli di segnalazione per 74.439 (60,7%) casi.","Le schede raccolta dati sono state presentate al CDC per 74.439 (60,7%) casi.","I moduli di referto dei casi sono stati inviati al CDC per 74.439 (60,7%) casi.",42.65,41.947,0.703,44.935,55.029,-10.094,0.919,0.944,-0.025
"Diabetes mellitus (784, 10.9%), chronic lung disease (656, 9.2%), and cardiovascular disease (647, 9.0%) were the most frequently reported conditions among all cases.","Il diabete mellito (784, 10,9%), malattie polmonari croniche (656, 9,2%), e malattie cardiovascolari (647, 9,0%) erano le patologie segnalate più spesso tra tutti i casi.","Il diabete mellito (784, 10,9%), la malattia polmonare cronica (656, 9,2%) e le malattie cardiovascolari (647, 9,0%) sono state le condizioni segnalate più frequentemente tra tutti i casi.","Il diabete mellito (784, 10,9%), la malattia polmonare cronica (656, 9,2%) e le malattie cardiovascolari (647, 9,0%) sono state le condizioni più frequentemente segnalate tra tutti i casi.",58.11,57.543,0.567,70.503,70.419,0.084,0.952,0.951,0.001
"Among patients aged ≥19 years, the percentage of non-ICU hospitalizations was higher among those with underlying health conditions (27.3%–29.8%) than among those without underlying health conditions (7.2%–7.8%); the percentage of cases that resulted in an ICU admission was also higher for those with underlying health conditions (13.3%–14.5%) than those without these conditions (2.2%–2.4%) (Table 2).","Tra i pazienti di età ≥19 anni, la percentuale di ospedalizzazioni senza ricovero in UTI era più alta tra le persone affette da patologie pregresse (27,3% - 29,8%) che tra quelle che ne erano prive (7,2% - 7,8%); anche la percentuale di casi che hanno portato a ricovero in UTI era più alta per le persone con patologie pregresse (13,3% - 14,5%) che per quelle che non ne presentavano (2,2% - 2,4%) (Tabella 2).","Tra i pazienti di età pari o superiore a 19 anni, la percentuale di ricoveri non in terapia intensiva era più alta tra quelli con condizioni di salute di base (27,3%-29,8%) rispetto a quelli senza condizioni di salute di base (7,2%-7,8%); la percentuale di casi che hanno comportato un ricovero in terapia intensiva era anche più alta tra quelli con condizioni di salute di base (13,3%-14,5%) rispetto a quelli senza queste condizioni (2,2%-2,4%) (Tabella 2).","Tra i pazienti di età ≥19 anni, la percentuale di ricoveri non in terapia intensiva è stata più alta tra coloro che avevano condizioni di salute sottostanti (27,3%–29,8%) che tra coloro che non avevano condizioni di salute sottostanti (7,2%–7,8%); la percentuale di casi che hanno portato ad un'ammissione in terapia intensiva è stata anche più alta per coloro che avevano condizioni di salute sottostanti (13,3%–14,5%) che per coloro che non avevano queste condizioni (2,2%–2,4%) (Tabella 2).",27.665,34.531,-6.866,54.906,51.829,3.077,0.879,0.878,0.001
"Among all COVID-19 patients with complete information on underlying conditions or risk factors, 184 deaths occurred (all among patients aged ≥19 years); 173 deaths (94%) were reported among patients with at least one underlying condition.","Tra tutti i pazienti COVID-19 con informazioni complete sulle patologie pregresse o sui fattori di rischio, si sono verificati 184 decessi (tutti tra pazienti di età ≥19 anni); 173 di questi (94%) sono stati registrati tra pazienti con almeno una condizione pregressa.","Tra tutti i pazienti COVID-19 con informazioni complete su condizioni o fattori di rischio sottostanti, si sono verificati 184 decessi (tutti tra i pazienti di età pari o superiore a 19 anni); 173 decessi (94%) sono stati segnalati tra i pazienti con almeno una condizione sottostante.","Tra tutti i pazienti con COVID-19 con informazioni complete sulle condizioni sottostanti o sui fattori di rischio, si sono verificati 184 decessi (tutti tra pazienti di età ≥19 anni); 173 decessi (94%) sono stati segnalati tra pazienti con almeno una condizione sottostante.",51.126,72.711,-21.585,73.24,79.62,-6.38,0.911,0.903,0.008
"This analysis was limited by small numbers and missing data because of the burden placed on reporting health departments with rapidly rising case counts, and these findings might change as additional data become available.","Questa analisi è stata limitata da numeri esigui e dati mancanti a causa dell’onere imposto ai dipartimenti sanitari di segnalare i numeri di casi in rapido aumento, e i risultati potrebbero cambiare quando saranno disponibili ulteriori dati.",Questa analisi è stata limitata da piccoli numeri e dati mancanti a causa dell'onere gravante sui reparti sanitari di segnalazione con un rapido aumento del numero di casi e questi risultati potrebbero cambiare man mano che diventano disponibili dati aggiuntivi.,"Questa analisi è stata limitata da numeri piccoli e dati mancanti a causa del carico aggiuntivo posto sui dipartimenti sanitari che riferiscono, con numeri di casi in rapida ascesa, e queste scoperte potrebbero cambiare quando ulteriori dati diventeranno disponibili.",27.549,34.355,-6.806,67.784,71.484,-3.7,0.895,0.822,0.073
"The age- adjusted prevalence of COPD among U.S. adults is 5.9%, and in 2018, the U.S. estimated prevalence of current asthma among persons of all ages was 7.9%.","La prevalenza della BPCO negli adulti negli Stati Uniti era del 5,9%, e nel 2018 la prevalenza stimata dell’asma corrente tra le persone di tutte le età era del 7,9%.","La prevalenza aggiustata per età della BPCO tra gli adulti statunitensi è del 5,9% e, nel 2018, negli Stati Uniti la prevalenza stimata dell'asma attuale tra le persone di tutte le età è stata del 7,9%.","La prevalenza rettificata per età della BPCO tra gli adulti statunitensi è del 5,9% e nel 2018 è stata stimata la prevalenza di asma attuale negli Stati Uniti tra le persone di tutte le età del 7,9%.",32.191,32.74,-0.549,69.468,67.637,1.831,0.885,0.88,0.005
The findings in this report are subject to at least six limitations.,I risultati di questo report sono soggetti almeno a sei limitazioni.,I risultati di questo rapporto sono soggetti ad almeno sei limitazioni.,I risultati in questo rapporto sono soggetti ad almeno sei limitazioni.,35.084,19.729,15.355,79.243,72.073,7.17,0.968,0.946,0.022
It cannot be assumed that those with missing information are similar to those with data on either hospitalizations or underlying health conditions.,Non si può presumere che i casi con informazioni mancanti siano simili a quelli con dati sulle ospedalizzazioni o sulle patologie pregresse.,Non si può presumere che quelli con informazioni mancanti siano simili a quelli con dati su ricoveri o condizioni di salute di base.,Non può essere assunto che coloro con informazioni mancanti siano simili a coloro che hanno dati sia sui ricoveri ospedalieri che sulle condizioni di salute sottostanti.,49.54,20.333,29.207,64.66,50.828,13.832,0.823,0.823,0.0
"Third, because of the limited availability of testing in many jurisdictions during this period, this analysis is likely biased toward more severe cases, and findings might change as testing becomes more widespread.","In terzo luogo, a causa della disponibilità limitata di test diagnostici in molte giurisdizioni nel periodo considerato, questa analisi è probabilmente orientata a favore dei casi più gravi, e i risultati potrebbero cambiare quando i test diagnostici saranno più diffusi.","In terzo luogo, a causa della limitata disponibilità di test in molte giurisdizioni durante questo periodo, questa analisi è probabilmente orientata verso casi più gravi e i risultati potrebbero cambiare man mano che i test diventano più diffusi.","Terzo, a causa della limitata disponibilità di test in molte giurisdizioni durante questo periodo, questa analisi è probabilmente influenzata da casi più gravi, e i risultati potrebbero cambiare man mano che i test diventano più diffusi.",42.431,39.791,2.64,70.465,64.954,5.511,0.918,0.869,0.049
"For example, asthma and COPD were included in a chronic lung disease category.","Ad esempio, l’asma e la BPCO sono state incluse nella categoria delle malattie polmonari croniche.","Ad esempio, l'asma e la BPCO sono state incluse in una categoria di malattia polmonare cronica.","Ad esempio, l'asma e la BPCO sono state incluse in una categoria di malattia polmonare cronica.",35.413,35.413,0.0,68.717,68.379,0.338,0.943,0.943,0.0
"Persons with underlying health conditions who have symptoms of COVID-19, including fever, cough, or shortness of breath, should immediately contact their health care provider.","Le persone con patologie pregresse che presentano sintomi di COVID-19, compresi febbre, tosse o fiato corto, devono contattare il proprio fornitore di assistenza sanitaria.","Le persone con condizioni di salute di base che presentano sintomi di COVID-19, tra cui febbre, tosse o respiro affannoso, devono contattare immediatamente il proprio medico.","Le persone con condizioni di salute sottostanti che presentano sintomi di COVID-19, tra cui febbre, tosse o difficoltà respiratoria, dovrebbero immediatamente contattare il proprio fornitore di assistenza sanitaria.",33.537,47.452,-13.915,59.216,70.79,-11.574,0.89,0.872,0.018
All persons should take steps to protect themselves from COVID-19 and to protect others.,Tutte le persone devono adottare misure per proteggere sé stesse e gli altri dal COVID-19.,Tutte le persone dovrebbero adottare misure per proteggersi dal COVID-19 e per proteggere gli altri.,Tutte le persone dovrebbero prendere misure per proteggersi dal COVID-19 e per proteggere gli altri.,21.364,16.944,4.42,73.067,66.168,6.899,0.924,0.921,0.003
"Community mitigation strategies, which aim to slow the spread of COVID-19, are important to protect all persons from COVID-19, especially persons with underlying health conditions and other persons at risk for severe COVID-19–associated disease (https://www.cdc.gov/ coronavirus/2019-ncov/downloads/community-mitigation- strategy.pdf).","Le strategie di attenuazione comunitarie, che mirano a ridurre la diffusione del COVID-19, sono essenziali per proteggere tutte le persone dal COVID-19 affette da patologie pregresse e altre persone a rischio di malattia grave associata al COVID-19 (https://www.cdc.gov/coronavirus/2019-ncov/downloads/community-mitigation-strategy.pdf).","Le strategie di mitigazione della comunità, che mirano a rallentare la diffusione di COVID-19, sono importanti per proteggere tutte le persone da COVID-19, in particolare le persone con condizioni di salute di base e altre persone a rischio di malattia grave associata a COVID-19 (https://www.cdc.gov/ coronavirus/2019-ncov/downloads/community-mitigation- strategy.pdf).","Le strategie di mitigazione comunitaria, che hanno lo scopo di rallentare la diffusione del COVID-19, sono importanti per proteggere tutte le persone dal COVID-19, specialmente le persone con condizioni di salute sottostanti e altre persone a rischio di malattia grave associata al COVID-19 (https://www.cdc.gov/coronavirus/2019-ncov/downloads/community-mitigation-strategy.pdf).",53.381,66.356,-12.975,77.85,80.383,-2.533,0.867,0.885,-0.018
What is added by this report?,Cosa viene aggiunto da questo report?,Cosa viene aggiunto da questo report?,Cosa aggiunge questo rapporto?,100.0,9.424,90.576,100.0,40.589,59.411,0.993,0.928,0.065
"Strategies to protect all persons and especially those with underlying health conditions, including social distancing and handwashing, should be implemented by all communities and all persons to help slow the spread of COVID-19.","Le strategie per proteggere tutte le persone, specialmente quelle affette da patologie pregresse, come il distanziamento sociale e il lavarsi le mani, devono essere adottate da tutte le comunità e tutte le persone per contribuire a rallentare la diffusione del COVID-19.","Le strategie per proteggere tutte le persone e in particolare quelle con condizioni di salute di base, tra cui il distanziamento sociale e il lavaggio delle mani, dovrebbero essere attuate da tutte le comunità e tutte le persone per contribuire a rallentare la diffusione del COVID-19.","Le strategie per proteggere tutte le persone e in particolare quelle con condizioni di salute sottostanti, tra cui il distanziamento sociale e il lavaggio delle mani, dovrebbero essere implementate da tutte le comunità e da tutte le persone per aiutare a rallentare la diffusione del COVID-19.",53.682,44.02,9.662,74.149,70.187,3.962,0.865,0.863,0.002
"However, COVID-19 has lower severity and mortality than SARS but is much more transmissive and affects more elderly individuals than youth and more men than women.","Tuttavia, il COVID-19 ha una gravità e una mortalità inferiori rispetto alla SARS, pur essendo molto più trasmissibile, e colpisce più gli anziani che i giovani, e più gli uomini che le donne.","Tuttavia, il COVID-19 ha una gravità e una mortalità inferiori rispetto alla SARS, ma è molto più trasmissivo e colpisce più individui anziani rispetto ai giovani e più uomini rispetto alle donne.","Tuttavia, il COVID-19 ha una gravità e una mortalità inferiori rispetto alla SARS, ma è molto più contagioso e colpisce più individui anziani rispetto ai giovani e più uomini rispetto alle donne.",46.971,46.971,0.0,72.766,68.381,4.385,0.933,0.929,0.004
"Although many questions still require answers, we hope that this review helps in the understanding and eradication of the threatening disease.","Sebbene molte domande necessitino ancora delle risposte, si spera che questa rassegna possa aiutare a comprendere ed eradicare questa malattia minacciosa.","Sebbene molte domande richiedano ancora risposte, speriamo che questa recensione aiuti a comprendere e sradicare la malattia minacciosa.","Sebbene molte domande richiedano ancora risposte, speriamo che questa recensione aiuti nella comprensione e nell'eradicazione della malattia minacciosa.",14.396,13.285,1.111,61.791,58.16,3.631,0.919,0.913,0.006
"The epidemic started in Wuhan, China, and quickly spread throughout the entire country and to near 50 others all over the world.","L’epidemia ha avuto inizio a Wuhan, in Cina, e si è diffusa velocemente per l’intero Paese e in altri 50 Paesi in tutto il mondo.","L'epidemia è iniziata a Wuhan, in Cina, e si è rapidamente diffusa in tutto il paese e in quasi 50 altri paesi in tutto il mondo.","L'epidemia è iniziata a Wuhan, in Cina, e si è rapidamente diffusa in tutto il paese e in quasi 50 altri paesi in tutto il mondo.",43.149,43.149,0.0,56.575,56.52,0.055,0.947,0.947,0.0
"According to PubMed (https://www.ncbi.nlm.nih.gov/pubmed/), in less than two months, over 200 papers have been published on COVID-19 including its virology, epidemiology, etiology, diagnosis, and treatment since the first report on January 7, 2020 that determined the sequence of the virus isolated from multiple patients.","Secondo PubMed (https://www.ncbi.nlm nih.gov/pubmed/), dal primo report del 7 gennaio 2020 che ha determinato la sequenza del virus isolato da diversi pazienti , in meno di due mesi sono stati pubblicati oltre 200 articoli sul COVID-19 comprendenti la sua virologia, epidemiologia, eziologia, diagnosi e cura.","Secondo PubMed (https://www.ncbi.nlm.nih.gov/pubmed/), in meno di due mesi sono stati pubblicati oltre 200 articoli su COVID-19 tra cui virologia, epidemiologia, eziologia, diagnosi e trattamento dalla prima relazione del 7 gennaio 2020 che ha determinato la sequenza del virus isolato da più pazienti.","Secondo PubMed (https://www.ncbi.nlm.nih.gov/pubmed/), in meno di due mesi, più di 200 articoli sono stati pubblicati su COVID-19, tra cui la sua virologia, epidemiologia, eziologia, diagnostica e trattamento, a partire dalla prima relazione del 7 gennaio 2020 che ha determinato la sequenza del virus isolato da pazienti multipli.",71.799,59.354,12.445,80.768,78.7,2.068,0.846,0.839,0.007
We will also discuss what we have learned so far regarding the prevention and prognosis of the disease as well as some remaining yet urgent questions.,"Verrà discusso anche ciò che si è appreso finora circa la prevenzione e la prognosi della malattia, insieme ad alcuni interrogativi urgenti ancora senza risposta.","Discuteremo anche di ciò che abbiamo appreso finora per quanto riguarda la prevenzione e la prognosi della malattia, nonché alcune domande rimanenti ma urgenti.","Discuteremo anche ciò che abbiamo imparato finora riguardo alla prevenzione e alla prognosi della malattia, nonché alcune questioni rimaste ancora urgenti.",31.365,15.308,16.057,53.006,50.44,2.566,0.918,0.929,-0.011
"Therefore, the current COVID-19 is the third CoV outbreak in the recorded history of humans.","Pertanto, quella di COVID-19 è la terza epidemia di coronavirus nella storia umana documentata.","Pertanto, l'attuale COVID-19 è il terzo focolaio di CoV nella storia registrata degli esseri umani.","Pertanto, l'attuale COVID-19 è la terza epidemia di CoV nella storia documentata dell'umanità.",8.513,39.181,-30.668,39.312,65.558,-26.246,0.626,0.884,-0.258
"On January 15, 2020 the first fatal case from Wuhan was reported.",Il 15 gennaio 2020 è stato registrato il primo caso fatale a Wuhan.,Il 15 gennaio 2020 è stato segnalato il primo caso fatale da Wuhan.,Il 15 gennaio 2020 è stato segnalato il primo caso fatale da Wuhan.,57.312,57.312,0.0,78.124,78.124,0.0,0.947,0.947,0.0
"On January 23, the city of Wuhan was locked down with all its public transportation stopped.","Il 23 gennaio, la città di Wuhan è stata chiusa e tutto il suo trasporto pubblico è stato sospeso.","Il 23 gennaio, la città di Wuhan è stata bloccata con tutti i suoi trasporti pubblici fermi.","Il 23 gennaio, la città di Wuhan è stata messa in isolamento, con tutti i trasporti pubblici fermati.",44.473,44.324,0.149,58.596,57.469,1.127,0.895,0.897,-0.002
"By the time of this report, the disease has already spread throughout China and near 50 other countries all over the world (Fig. 2).","Al momento della stesura di questo report, la malattia si è già diffusa in Cina e altri 50 Paesi in tutto il mondo (Fig.2).","Al momento di questo rapporto, la malattia si è già diffusa in tutta la Cina e in quasi 50 altri paesi in tutto il mondo (Fig. 2).","Al momento di questo rapporto, la malattia si è già diffusa in tutta la Cina e in quasi 50 altri paesi in tutto il mondo (Fig. 2).",55.687,55.687,0.0,70.812,71.1,-0.288,0.938,0.938,0.0
"SARS-CoV-2 infected people of all ages, but mainly at the age of 30-65.","Il SARS-CoV-2 ha infettato persone di tutte l’età, ma principalmente fra i 30 e i 65 anni.","Persone infette da SARS-CoV-2 di tutte le età, ma principalmente all'età di 30-65 anni.","Il SARS-CoV-2 ha infettato persone di tutte le età, ma principalmente tra i 30-65 anni.",15.28,47.208,-31.928,61.379,84.078,-22.699,0.862,0.948,-0.086
COVID-19 expanded in clusters mainly in and around Hubei.,Il COVID-19 si è espanso per cluster principalmente nello Hubei e nelle sue vicinanze.,Il COVID-19 si è espanso in cluster principalmente nell'Hubei e nei dintorni.,Il COVID-19 si è espanso principalmente in gruppi negli e intorno al Hubei.,30.367,28.67,1.697,67.569,51.249,16.32,0.886,0.819,0.067
The average time from onset to death was 9.5 (4.8-13) days.,"Il periodo medio tra l’esordio e il decesso era di 9,5 (4,8-13) giorni.","Il tempo medio dall'esordio al decesso è stato di 9,5 (4,8-13) giorni.","Il tempo medio dall'inizio alla morte era stato di 9,5 giorni (4,8-13).",48.6,26.566,22.034,58.531,34.957,23.574,0.913,0.776,0.137
"The mortality of patients with confirmed cases was 1.44% (95% CI: 1.10-1.86%), and the adjusted mortality of all the patients was 3.06% (95% CI: 2.02-4.59%).","La mortalità dei pazienti con casi confermati era del 1,44% (95% CI: 1,10-1,86%), e la mortalità aggiustata di tutti i pazienti era del 3,06% (95% CI: 2,02-4,59%).","La mortalità dei pazienti con casi confermati era dell'1,44% (IC 95%: 1,10-1,86%) e la mortalità aggiustata di tutti i pazienti era del 3,06% (IC 95%: 2,02-4,59%).","La mortalità dei pazienti con casi confermati è stata del 1,44% (95% CI: 1,10-1,86%), e la mortalità aggiustata di tutti i pazienti è stata del 3,06% (95% CI: 2,02-4,59%).",67.827,84.318,-16.491,86.145,92.861,-6.716,0.95,0.955,-0.005
"They can be divided into four genera, i.e., alpha, beta, gamma, and delta, of which alpha- and beta-CoVs are known to infect humans.","Essi possono essere divisi in quattro generi, ossia alfa, beta, gamma e delta, tra i quali gli alfa e i betacoronavirus sono noti per infettare gli esseri umani.","Possono essere suddivisi in quattro generi, ovvero alfa, beta, gamma e delta, di cui è noto che gli alfa e beta-CoV infettano gli esseri umani.","Possono essere suddivisi in quattro generi, vale a dire alfa, beta, gamma e delta, dei quali alfa- e beta-CoV sono noti per infettare gli esseri umani.",39.171,49.819,-10.648,60.665,69.627,-8.962,0.894,0.911,-0.017
"The first genomic sequence of SARS-CoV-2 was reported on January 10, 2020.",La prima sequenza genomica del SARS-CoV-2 è stata pubblicata il 10 gennaio 2020.,La prima sequenza genomica di SARS-CoV-2 è stata riportata il 10 gennaio 2020.,La prima sequenza genomico del SARS-CoV-2 è stata segnalata il 10 gennaio 2020.,53.335,53.335,0.0,79.45,80.616,-1.166,0.944,0.919,0.025
"Through transmission electron microscopy, SARS-CoV-2 particles were found in ultrathin sections of human airway epithelium.","Attraverso la microscopia elettronica a trasmissione, le particelle di SARS-CoV-2 sono state rinvenute in sezioni ultrasottili dell’epitelio respiratorio umano.","Attraverso la microscopia elettronica a trasmissione, le particelle di SARS-CoV-2 sono state trovate in sezioni ultrasottili dell'epitelio delle vie aeree umane.","Attraverso la microscopia elettronica a trasmissione, le particelle di SARS-CoV-2 sono state trovate in sezioni ultrasottili dell'epitelio dell'apparato respiratorio umano.",60.547,68.881,-8.334,80.57,89.092,-8.522,0.891,0.924,-0.033
SARS-CoV-2 can also form a novel short protein encoded by orf3b and a secreted protein encoded by orf8.,Il SARS-CoV-2 può anche formare una nuova proteina corta codificata dalla orf3b e una proteina secreta codificata dalla orf8.,SARS-CoV-2 può anche formare una nuova proteina corta codificata da orf3b e una proteina secreta codificata da orf8.,Il SARS-CoV-2 può anche formare una nuova proteina corta codificata da orf3b e una proteina secreta codificata da orf8.,67.305,72.654,-5.349,90.491,91.546,-1.055,0.926,0.932,-0.006
"They found that the complex, which had open and closed conformations, was assembled as a dimer and the ACE2-B0AT1 complex can bind two S proteins, which provides evidence for CoV recognition and infection.","Hanno riscontrato che il complesso, che presenta conformazioni chiuse e aperte, è stato assemblato come dimero e che il complesso ACE2-B0AT1 può legare due proteine S, il che fornisce una prova del riconoscimento e dell’infezione del CoV.","Hanno scoperto che il complesso, che aveva conformazioni aperte e chiuse, era assemblato come un dimero e il complesso ACE2-B0AT1 può legare due proteine S, il che fornisce la prova del riconoscimento e dell'infezione da CoV.","Hanno scoperto che il complesso, che aveva conformazioni aperte e chiuse, era assemblato come un dimero e che il complesso ACE2-B0AT1 può legare due proteine S, il che fornisce la prova del riconoscimento e dell'infezione del CoV.",50.462,58.354,-7.892,75.159,78.681,-3.522,0.86,0.866,-0.006
"It has been known that both SARS-CoV and MERS-CoV originated from bats and were transmitted to humans via civet cats and camels, respectively.","È risaputo che sia il SARS-CoV che il MERS-CoV hanno avuto origine dai pipistrelli e sono stati trasmessi all’uomo tramite zibetti e cammelli, rispettivamente.",È noto che sia il SARS-CoV che il MERS-CoV hanno avuto origine dai pipistrelli e sono stati trasmessi all'uomo rispettivamente tramite gatti zibetto e cammelli.,"È noto che sia il SARS-CoV che il MERS-CoV sono originati dai pipistrelli e sono stati trasmessi agli esseri umani attraverso i civeti e i cammelli, rispettivamente.",65.004,45.016,19.988,83.301,70.117,13.184,0.941,0.934,0.007
"Ji, et al., proposed snakes as a carrier of the virus from bats to humans which involved homologous recombination within the S protein.","Ji, et al hanno proposto i serpenti come portatori del virus dai pipistrelli agli esseri umani, il che implicava una ricombinazione omologa della proteina S.","Ji, et al., hanno proposto i serpenti come portatori del virus dai pipistrelli agli esseri umani che coinvolgevano la ricombinazione omologa all'interno della proteina S.","Ji, et al., hanno proposto i serpenti come vettori del virus dai pipistrelli agli esseri umani, il che comportò una ricombinazione omologa all'interno della proteina S.",62.233,59.726,2.507,81.805,83.043,-1.238,0.856,0.881,-0.025
The physicochemical properties of SARS-CoV-2 are largely not yet known.,Le proprietà fisico-chimiche del SARS-CoV-2 rimangono ancora ampiamente sconosciute.,Le proprietà fisico-chimiche del SARS-CoV-2 non sono ancora in gran parte note.,Le proprietà fisico-chimiche del SARS-CoV-2 sono in gran parte ancora sconosciute.,31.456,37.701,-6.245,65.581,71.798,-6.217,0.93,0.952,-0.022
"It has been reported that SARS-CoV-2 is sensitive to ultraviolet rays and heat at 56 °C for 30 minutes; ether, 75% ethanol, chlorine-containing disinfectant, peracetic acid, chloroform, and other fatty solvents, but not chlorhexidine, can effectively inactivate the virus.","È stato riscontrato che il SARS-CoV-2 è sensibile ai raggi ultravioletti e al calore a 56 °C per 30 minuti; l’etere, l’etanolo al 75%, i disinfettanti contenenti cloro, l’acido peracetico, il cloroformio e altri solventi grassi, ma non la clorexidina, possono inattivare efficacemente il virus.","È stato riportato che SARS-CoV-2 è sensibile ai raggi ultravioletti e al calore a 56° C per 30 minuti; etere, etanolo al 75%, disinfettante contenente cloro, acido peracetico, cloroformio e altri solventi grassi, ma non clorexidina, possono efficacemente inattivare il virus.","È stato segnalato che il SARS-CoV-2 è sensibile ai raggi ultravioletti e al calore a 56 °C per 30 minuti; l'etere, l'alcol etilico al 75%, il disinfettante a base di cloro, l'acido peracetico, il cloroformio e altri solventi grassi, ma non la clorexidina, possono inattivare efficacemente il virus.",46.008,70.1,-24.092,80.167,84.436,-4.269,0.88,0.904,-0.024
"Thus, we can only refer to previous studies on other CoVs, especially SARS-CoV and MERS-CoV (Fig. 4).","Pertanto, si può solo fare riferimento a studi precedenti su altri CoV, in particolare il SARS-CoV e il MERS-CoV (Fig. 4).","Pertanto, possiamo solo fare riferimento a studi precedenti su altri CoV, in particolare SARS-CoV e MERS-CoV (Fig. 4).","Pertanto, possiamo fare riferimento solo a precedenti studi su altri CoV, in particolare SARS-CoV e MERS-CoV (Fig. 4).",67.096,46.867,20.229,84.148,75.739,8.409,0.957,0.955,0.002
"However, the N protein of SARS-CoV can help the virus escape from the immune responses.","Tuttavia, la proteina N del SARS-CoV può aiutare il virus a eludere le risposte immunitarie.","Tuttavia, la proteina N di SARS-CoV può aiutare il virus a sfuggire alle risposte immunitarie.","Tuttavia, la proteina N del SARS-CoV può aiutare il virus a sfuggire alle risposte immunitarie.",57.306,76.247,-18.941,81.982,88.081,-6.099,0.917,0.931,-0.014
"CD4+ T cells stimulate B cells to produce virus-specific antibodies, and CD8+ T cells directly kill virus-infected cells.","I linfociti T CD4+ stimolano i linfociti B a produrre anticorpi specifici per il virus, e i linfociti CD8+ uccidono direttamente le celle infettate dal virus.",Le cellule T CD4+ stimolano le cellule B a produrre anticorpi specifici per il virus e le cellule T CD8+ uccidono direttamente le cellule infettate dal virus.,"Le cellule T CD4+ stimolano le cellule B a produrre anticorpi specifici per il virus, e le cellule T CD8+ uccidono direttamente le cellule infettate dal virus.",50.787,55.588,-4.801,71.303,72.601,-1.298,0.895,0.896,-0.001
The humoral immunity including complements such as C3a and C5a and antibodies is also essential in combating the viral infection.,"Anche l’immunità umorale, che include complementi come C3a e C5a e gli anticorpi, è fondamentale per combattere l’infezione virale.",Anche l'immunità umorale che include complementi come C3a e C5a e anticorpi è essenziale per combattere l'infezione virale.,"L'immunità umorale, inclusi i complementi come C3a e C5a e gli anticorpi, è anch'essa essenziale nella lotta contro l'infezione virale.",39.641,44.883,-5.242,75.014,62.996,12.018,0.93,0.916,0.014
"The SARS-CoV-2 infection, featured by clustering onset, is more likely to affect elderly people with comorbidities and pregnant women.","L’infezione da SARS-CoV-2, caratterizzata da esordio a cluster, colpisce con più probabilità gli anziani con comorbilità e le donne incinte.","L'infezione da SARS-CoV-2, caratterizzata dall'insorgenza del raggruppamento, ha maggiori probabilità di colpire le persone anziane con comorbilità e le donne in gravidanza.","L'infezione da SARS-CoV-2, caratterizzata da un'esordio in gruppi, è più probabile che colpisca le persone anziane con comorbidità e le donne incinte.",25.381,30.112,-4.731,62.909,70.093,-7.184,0.836,0.897,-0.061
"However, a study on 1,099 cases demonstrates that the incubation period was 3 days on average and ranged from 0 to 24 days.","Tuttavia, uno studio condotto su 1.099 casi dimostra che il periodo di incubazione era in media di 3 giorni e variava da 0 a 24 giorni.","Tuttavia, uno studio su 1.099 casi dimostra che il periodo di incubazione era in media di 3 giorni e variava da 0 a 24 giorni.","Tuttavia, uno studio su 1.099 casi ha dimostrato che il periodo di incubazione è stato in media di 3 giorni e variava da 0 a 24 giorni.",90.387,67.168,23.219,92.358,82.278,10.08,0.958,0.955,0.003
"As a common practice, individuals exposed to, or infected by, the virus are usually required to be quarantined for 14 days.","Come pratica comune, di solito gli individui esposti al virus o infettati sono tenuti a sottoporsi a quarantena per 14 giorni.","Come pratica comune, gli individui esposti o infettati dal virus di solito devono essere messi in quarantena per 14 giorni.","Come pratica comune, le persone esposte al virus o infettate sono generalmente tenute a essere in quarantena per 14 giorni.",35.558,32.215,3.343,69.154,57.069,12.085,0.949,0.936,0.013
Some patients experienced dyspnea and/or hypoxemia one week after the onset of the disease.,Alcuni pazienti hanno manifestato dispnea e/o ipossiemia una settimana dopo l’esordio della malattia.,Alcuni pazienti hanno manifestato dispnea e/o ipossiemia una settimana dopo l'insorgenza della malattia.,Alcuni pazienti hanno sperimentato dispnea e/o ipossiemia una settimana dopo l'inizio della malattia.,81.536,61.281,20.255,88.709,80.605,8.104,0.957,0.955,0.002
"A demographic study in late December of 2019 showed that the percentages of the symptoms were 98% for fever, 76% for dry cough, 55% for dyspnea, and 3% for diarrhea; 8% of the patients required ventilation support.","Uno studio di popolazione di fine dicembre 2019 illustrava che le percentuali dei sintomi erano di 98% per la febbre, 76% per la tosse secca, 55% per la dispnea e 3% per la diarrea; l’8% dei pazienti necessitava il supporto della ventilazione.","Uno studio demografico alla fine di dicembre del 2019 ha mostrato che le percentuali dei sintomi erano del 98% per la febbre, del 76% per la tosse secca, del 55% per la dispnea e del 3% per la diarrea; l'8% dei pazienti necessitava di supporto alla ventilazione.","Uno studio demografico alla fine di dicembre 2019 ha mostrato che le percentuali dei sintomi erano del 98% per la febbre, del 76% per la tosse secca, del 55% per la dispnea e del 3% per la diarrea; l'8% dei pazienti ha richiesto un sostegno di ventilazione.",49.875,48.033,1.842,73.879,68.247,5.632,0.911,0.904,0.007
"However, 80% of them required ventilation support, much more than COVID-19 patients and consistent with the higher lethality of MERS than of COVID-19.","Tuttavia, l’80% di loro necessitava il supporto della ventilazione, molto più dei pazienti COVID-19, conformemente alla mortalità più alta della MERS rispetto a quella del COVID-19.","Tuttavia, l'80% di loro ha richiesto un supporto di ventilazione, molto più dei pazienti COVID-19 e coerente con la maggiore letalità della MERS rispetto al COVID-19.","Tuttavia, l'80% di loro ha richiesto un sostegno di ventilazione, molto più dei pazienti con COVID-19 e in linea con la letalità più alta del MERS rispetto al COVID-19.",29.951,23.77,6.181,61.2,57.564,3.636,0.887,0.879,0.008
"By February 14, the mortality of COVID-19 was 2% when the confirmed cases reached 66,576 globally.","Al 14 febbraio, la mortalità del COVID-19 era del 2% quando i casi confermati hanno raggiunto i 66.576 in tutto il mondo.","Entro il 14 febbraio, la mortalità di COVID-19 era del 2% quando i casi confermati hanno raggiunto 66.576 a livello globale.","Entro il 14 febbraio, la mortalità del COVID-19 era del 2% quando i casi confermati raggiunsero i 66.576 a livello globale.",57.053,61.98,-4.927,77.524,74.351,3.173,0.907,0.912,-0.005
"An earlier study reported that the R0 of SARS-CoV-2 was as high as 6.47 with a 95% confidence interval (CI) of 5.71-7.23 , whereas the R0 of SARS-CoV only ranged from 2 to 4.","Uno studio precedente ha riscontrato che l’R0 del SARS-CoV-2 era pari a 6,47 con un intervallo di confidenza (CI) del 95% di 5,71-7,23 , mentre l’R0 del SARS-CoV variava solo da 2 a 4.","Uno studio precedente riportava che l'R0 di SARS-CoV-2 era pari a 6,47 con un intervallo di confidenza (IC) del 95% di 5,71-7,23 , mentre l'R0 di SARS-CoV variava solo da 2 a 4.","Uno studio precedente ha riportato che il R0 del SARS-CoV-2 era alto come 6,47 con un intervallo di confidenza del 95% (IC) di 5,71-7,23 , mentre il R0 del SARS-CoV si è mosso solo tra 2 e 4.",67.105,35.104,32.001,78.208,69.53,8.678,0.915,0.843,0.072
"Thus, it is much more challenging to control the epidemic of SARS-CoV-2 than those of MERS-CoV and SARS-CoV.","Pertanto, è molto più complesso controllare l'epidemia di SARS-CoV-2 che quelle di MERS-CoV e di SARS-CoV.","Pertanto, è molto più difficile controllare l'epidemia di SARS-CoV-2 rispetto a quelle di MERS-CoV e SARS-CoV.","Pertanto, è molto più difficile controllare l'epidemia di SARS-CoV-2 rispetto a quella di MERS-CoV e SARS-CoV.",50.081,43.039,7.042,76.91,73.28,3.63,0.947,0.946,0.001
"However, it has been reported that people can carry the virus without symptoms longer than two weeks and cured patients discharged from hospitals can carry the virus again , which sends out an alarm to increase the time for quarantine.","Tuttavia, è stato riscontrato che le persone possono trasportare il virus senza sintomi per più di due settimane e che i pazienti curati dimessi dall’ospedale possono essere di nuovo infettati dal virus , un segnale di allarme che indica la necessità di allungare il periodo di quarantena.","Tuttavia, è stato riferito che le persone possono trasportare il virus senza sintomi per più di due settimane e i pazienti guariti dimessi dagli ospedali possono trasportare di nuovo il virus, il che invia un allarme per aumentare il tempo di quarantena.","Tuttavia, è stato segnalato che le persone possono trasportare il virus senza sintomi per più di due settimane e i pazienti guariti dimessi dagli ospedali possono trasportare nuovamente il virus , il che lancia un allarme per aumentare il tempo di quarantena.",41.787,40.623,1.164,64.299,62.014,2.285,0.869,0.854,0.015
"The levels of liver and muscle enzymes and myoglobin were increased in the blood of some patients, and C-reactive protein and erythrocyte sedimentation were increased in the blood of most patients.","I livelli di enzimi epatici e muscolari e di mioglobina erano aumentati nel sangue di alcuni pazienti, e la proteina C reattiva e la sedimentazione di eritrociti erano aumentati nel sangue della maggioranza dei pazienti.",I livelli di enzimi epatici e muscolari e di mioglobina erano aumentati nel sangue di alcuni pazienti e la proteina C-reattiva e la sedimentazione degli eritrociti erano aumentate nel sangue della maggior parte dei pazienti.,"I livelli degli enzimi del fegato e dei muscoli e della mioglobina sono aumentati nel sangue di alcuni pazienti, e la proteina C-reattiva e la sedimentazione degli eritrociti sono aumentate nel sangue della maggior parte dei pazienti.",60.102,35.691,24.411,89.573,75.517,14.056,0.924,0.867,0.057
"Patients often develop an atypical pneumonia, acute lung injury, and acute respiratory distress syndrome (ARDS).","I pazienti sviluppano spesso polmonite atipica, danni polmonari acuti e sindrome da distress respiratorio acuto (ARDS).","I pazienti spesso sviluppano una polmonite atipica, una lesione polmonare acuta e una sindrome da distress respiratorio acuto (ARDS).","I pazienti spesso sviluppano una polmonite atipica, una lesione polmonare acuta e una sindrome da distress respiratorio acuto (ARDS).",45.334,45.334,0.0,77.764,78.596,-0.832,0.933,0.933,0.0
"Therefore, the worst chest radiographic findings often parallel the most severe extent of the disease.","Pertanto, gli esiti radiografici peggiori sono spesso associati alla forma più grave della malattia.","Pertanto, i peggiori reperti radiografici toracici spesso sono paralleli all'estensione più grave della malattia.","Pertanto, le peggiori scoperte radiografiche al torace spesso paralleli la maggiore estensione della gravità della malattia.",29.482,10.935,18.547,62.235,52.282,9.953,0.837,0.678,0.159
"However, due to the high false-negative rate, which may accelerate the epidemic, clinical manifestations started to be used for diagnosis (which no longer solely relied on RT-PCR) in China on February 13, 2020.","Tuttavia, a causa dell’alto tasso di falsi negativi, che potrebbero accelerare l’epidemia, il 13 febbraio 2020 si è deciso di iniziare a utilizzare, in Cina, le manifestazioni cliniche ai fini della diagnosi (che non faceva più affidamento solamente sulla RT-PCR).","Tuttavia, a causa dell'elevato tasso di falsi negativi, che potrebbe accelerare l'epidemia, le manifestazioni cliniche hanno iniziato a essere utilizzate per la diagnosi (che non si basava più esclusivamente sulla RT-PCR) in Cina il 13 febbraio 2020.","Tuttavia, a causa dell'alto tasso di falsi negativi, che può accelerare l'epidemia, le manifestazioni cliniche cominciarono ad essere utilizzate per la diagnosi (che non si basava più soltanto sulla RT-PCR) in Cina il 13 febbraio 2020.",33.336,33.001,0.335,68.298,63.61,4.688,0.817,0.808,0.009
"On February 14, 2020, the Feng Zhang group described a protocol of using the CRISPR-based SHERLOCK technique to detect SARS-CoV-2, which detects synthetic SARS-CoV-2 RNA fragments at 20 × 10-18 mol/L to 200 × 10-18 mol/L (10-100 copies per microliter of input) using a dipstick in less than an hour without requiring elaborate instrumentation.","Il 14 febbraio 2020, il gruppo Feng Zhang ha descritto un protocollo della tecnica SHERLOCK basata su CRISPR per rilevare il SARS-CoV-2, che individua, in meno di un’ora e senza richiedere strumenti complessi , frammenti sintetici dell’RNA del SARS-CoV-2 tra 20 × 10-18 mol/L e 200 × 10-18 mol/L (10-100 copie per microlitro di campione) utilizzando una striscia reattiva.","Il 14 febbraio 2020, il gruppo Feng Zhang ha descritto un protocollo di utilizzo della tecnica SHERLOCK basata su CRISPR per rilevare SARS-CoV-2, che rileva frammenti sintetici di RNA SARS-CoV-2 da 20 × 10-18 mol/L a 200 × 10-18 mol/L (10-100 copie per microlitro di input) utilizzando un astina di livello in meno di un'ora senza richiedere una strumentazione elaborata.","Il 14 febbraio 2020, il gruppo di Feng Zhang ha descritto un protocollo che utilizza la tecnica CRISPR-based SHERLOCK per rilevare il SARS-CoV-2, che rileva frammenti di RNA sintetico del SARS-CoV-2 a concentrazioni di 20 × 10-18 mol/L a 200 × 10-18 mol/L (10-100 copie per microlitro di ingresso) usando un dipstick in meno di un'ora senza richiedere strumentazione elaborata.",59.704,52.399,7.305,76.126,70.242,5.884,0.785,0.804,-0.019
"These therapies include current and potential treatments with antiviral drugs, immunosuppressants, steroids, plasma from recovered patients, Chinese medicine, and psychological support.","Queste terapie includono trattamenti attuali e potenziali con farmaci antivirali, immunosoppressori, steroidi, plasma di pazienti guariti, medicina cinese e supporto psicologico.","Queste terapie includono trattamenti attuali e potenziali con farmaci antivirali, immunosoppressori, steroidi, plasma di pazienti guariti, medicina cinese e supporto psicologico.","Queste terapie includono trattamenti attuali e potenziali con farmaci antivirali, immunosoppressori, steroidi, plasma di pazienti guariti, medicina cinese e sostegno psicologico.",100.0,90.577,9.423,100.0,94.732,5.268,0.958,0.952,0.006
"SARS-CoV-2 mainly attacks the lungs in the beginning and probably also attacks, to a lesser degree, other organs that express ACE2, such as the gastrointestinal system and the kidneys.","Il SARS-CoV-2 all’inizio colpisce principalmente i polmoni e, probabilmente, attacca anche, in misura minore, altri organi che esprimono ACE2, come l’apparato gastrointestinale e i reni.","Il SARS-CoV-2 attacca principalmente i polmoni all'inizio e probabilmente attacca anche, in misura minore, altri organi che esprimono ACE2, come il sistema gastrointestinale e i reni.","Il SARS-CoV-2 attacca principalmente i polmoni all'inizio e probabilmente attacca, in misura minore, altri organi che esprimono ACE2, come l'apparato gastrointestinale e i reni.",61.593,55.055,6.538,79.622,79.52,0.102,0.917,0.908,0.009
"Patients with severe respiratory symptoms have to be supported by extracorporeal membrane oxygenation (ECMO), a modified cardiopulmonary bypass technique used for the treatment of life-threatening cardiac or respiratory failure.","I pazienti con sintomi respiratori gravi devono essere supportati con ossigenazione extra-corporea a membrana (ECMO), una tecnica di bypass cardiopolmonare modificato utilizzata per il trattamento di insufficienza cardiaca o respiratoria potenzialmente letale.","I pazienti con sintomi respiratori gravi devono essere supportati dall'ossigenazione extracorporea a membrana (ECMO), una tecnica di bypass cardiopolmonare modificata utilizzata per il trattamento dell'insufficienza cardiaca o respiratoria pericolosa per la vita.","I pazienti con sintomi respiratori gravi devono essere supportati dall'ossigenazione con membrana esterna (ECMO), una tecnica di bypass cardiopolmonare modificata utilizzata per il trattamento di insufficienza cardiaca o respiratoria potenzialmente letale.",60.026,74.563,-14.537,85.387,88.903,-3.516,0.892,0.896,-0.004
"Cytokine storm is a form of systemic inflammatory response featured by the release of a series of cytokines including TNFα, IL-1β, IL-2, IL-6, IFNα, IFNβ, IFNγ, and MCP-1.","La tempesta di citochine è una forma di risposta infiammatoria sistemica caratterizzata dal rilascio di una serie di citochine, tra cui TNFα, Il-1β, IL-2, IL-6, IFNα, IFNβ, IFNγ, e MCP-1.","La tempesta di citochine è una forma di risposta infiammatoria sistemica caratterizzata dal rilascio di una serie di citochine tra cui il TNFα, IL-1β, IL-2, IL-6, IFNα, IFNβ, IFNγ e MCP-1.","La tempesta di citochine è una forma di risposta infiammatoria sistemica caratterizzata dalla rilascio di una serie di citochine, tra cui TNFα, IL-1β, IL-2, IL-6, IFNα, IFNβ, IFNγ e MCP-1.",76.309,79.193,-2.884,91.696,93.899,-2.203,0.95,0.953,-0.003
"Corticosteroids and tocilizumab, an anti-IL6 monoclonal antibody, have been used to treat cytokine storm.","I corticosteroidi e il tocilizumab, un anticorpo monoclonale inibitore dell’IL6, sono stati usati per trattare le tempeste di citochine.","Corticosteroidi e tocilizumab, un anticorpo monoclonale anti-IL6, sono stati usati per trattare la tempesta di citochine.","I corticosteroidi e il tocilizumab, un anticorpo monoclonale anti-IL6, sono stati utilizzati per trattare la tempesta di citochine.",44.072,51.191,-7.119,76.078,77.647,-1.569,0.877,0.888,-0.011
"However, steroids at high dosages were not beneficial to severe lung injury in SARS and COVID-19 patients.","Tuttavia, gli steroidi in alte dosi non sono stati benefici per i danni polmonari nei pazienti SARS e COVID-19.","Tuttavia, gli steroidi a dosaggi elevati non erano utili per gravi lesioni polmonari nei pazienti affetti da SARS e COVID-19.","Tuttavia, i farmaci cortisonici ad alte dosi non sono stati benefici per i pazienti con gravi lesioni polmonari nella SARS e nel COVID-19.",27.743,35.46,-7.717,62.017,69.607,-7.59,0.877,0.873,0.004
"At the time of writing, no effective antiviral therapy has been confirmed.","Al momento della stesura di questa analisi, non è stata confermata alcuna terapia antivirale efficace.","Al momento della stesura di questo documento, non è stata confermata alcuna terapia antivirale efficace.","Al momento della stesura, non è stata confermata alcuna terapia antivirale efficace.",76.247,69.803,6.444,87.455,80.903,6.552,0.968,0.959,0.009
"Later, remdesivir also demonstrated possible inhibition of other single stranded RNA viruses including MERS and SARS viruses.","In seguito il remdesivir si è rivelato anche un possibile inibitore di altri virus a filamento singolo di RNA, compresi i virus della SARS e della MERS.","Successivamente, il remdesivir ha anche dimostrato una possibile inibizione di altri virus a RNA a singolo filamento, inclusi i virus MERS e SARS.","Successivamente, il remdesivir ha anche dimostrato una possibile inibizione di altri virus a RNA a singola elica, tra cui i virus MERS e SARS.",13.335,12.964,0.371,51.175,47.08,4.095,0.898,0.884,0.014
"Diarrhea, nausea, vomiting, liver damage, and other adverse reactions can occur following combined therapy with lopinavir/ritonavir.","A seguito di terapie combinate con il lopinavir/ritonavir  possono presentarsi diarrea, nausea, vomito, danni al fegato e altre reazioni avverse.","Diarrea, nausea, vomito, danni al fegato e altre reazioni avverse possono verificarsi in seguito alla terapia combinata con lopinavir/ritonavir.","La diarrea, la nausea, il vomito, i danni al fegato e altre reazioni avverse possono verificarsi in seguito a una terapia combinata con lopinavir/ritonavir.",51.184,30.3,20.884,74.283,68.861,5.422,0.934,0.923,0.011
The collection of the blood from patients who recovered from a contagious disease to treat other patients suffering from the same disease or to protect healthy individuals from catching the disease has a long history.,La raccolta del sangue di pazienti guariti da una malattia contagiosa per curare altri pazienti affetti dalla stessa malattia o per proteggere altri individui sani dal contrarre la malattia ha una lunga storia.,La raccolta del sangue da pazienti guariti da una malattia contagiosa per curare altri pazienti affetti dalla stessa malattia o per proteggere individui sani dal contrarre la malattia ha una lunga storia.,La raccolta del sangue dai pazienti guariti da una malattia contagiosa per trattare altri pazienti affetti dalla stessa malattia o per proteggere le persone sane dal contrarre la malattia ha una lunga storia.,84.113,69.443,14.67,94.344,85.142,9.202,0.947,0.937,0.01
"Based on this, plasma was collected from the blood of a group of patients who recovered from COVID-19 and was injected into 10 seriously ill patients.","Sulla base di ciò, è stato raccolto il plasma dal sangue di un gruppo di pazienti guariti dal COVID-19 ed è stato iniettato a 10 pazienti gravemente ammalati.","Sulla base di ciò, il plasma è stato raccolto dal sangue di un gruppo di pazienti guariti da COVID-19 ed è stato iniettato in 10 pazienti gravemente malati.","Sulla base di ciò, il plasma è stato prelevato dal sangue di un gruppo di pazienti guariti da COVID-19 e iniettato in 10 pazienti gravemente malati.",56.713,43.838,12.875,85.629,73.99,11.639,0.925,0.914,0.011
"In addition, given the therapeutic effects, some disadvantages associated with the plasma should be considered carefully.","Inoltre, visti gli effetti terapeutici, bisogna considerare attentamente alcuni svantaggi associati al plasma.","Inoltre, dati gli effetti terapeutici, alcuni svantaggi associati al plasma devono essere considerati con attenzione.","Inoltre, vista l'efficacia terapeutica, alcuni svantaggi associati al plasma dovrebbero essere considerati con attenzione.",37.42,26.221,11.199,70.606,62.714,7.892,0.941,0.926,0.015
It is difficult to develop and produce specific antibodies rapidly enough to fight against a global epidemic.,È difficile sviluppare e produrre anticorpi specifici abbastanza rapidamente da combattere un’epidemia globale.,È difficile sviluppare e produrre anticorpi specifici abbastanza rapidamente da combattere un'epidemia globale.,È difficile sviluppare e produrre anticorpi specifici sufficientemente in fretta per combattere una pandemia globale.,80.911,42.312,38.599,96.341,71.561,24.78,0.977,0.957,0.02
TCM has been used to treat a variety of diseases in China for thousands of years.,La MTC viene utilizzata per curare una gamma di malattie in Cina da migliaia di anni.,La MTC è stata usata per trattare una varietà di malattie in Cina per migliaia di anni.,La medicina tradizionale cinese (TCM) è stata utilizzata per curare una varietà di malattie in Cina per migliaia di anni.,30.929,31.551,-0.622,55.008,69.254,-14.246,0.949,0.917,0.032
"Currently, due to the lack of effective and specific therapy for COVID-19, TCM has become one of the major alternative treatments for patients with light to moderate symptoms or for those who have recovered from severe stages.","Attualmente, per via della mancanza di una terapia efficace e specifica per il COVID-19, la MTC è diventata una delle principali cure alternative per i pazienti con sintomi da lievi a moderati o per coloro che sono guariti da stadi gravi.","Attualmente, a causa della mancanza di una terapia efficace e specifica per il COVID-19, la MTC è diventata uno dei principali trattamenti alternativi per i pazienti con sintomi da lievi a moderati o per coloro che si sono ripresi da stadi gravi.","Attualmente, a causa della mancanza di una terapia efficace e specifica per la COVID-19, la medicina tradizionale cinese (TCM) è diventata una delle principali terapie alternative per pazienti con sintomi lievi o moderati o per coloro che si sono ripresi da stadi severi.",67.521,40.1,27.421,82.803,76.267,6.536,0.899,0.856,0.043
"However, this is quite a rough comparison as many other impact factors such as the number and severity of the patients should be included in the evaluation.","Tuttavia, questo è un confronto piuttosto approssimativo, poiché molti fattori d’impatto come il numero e la gravità dei pazienti dovrebbero essere inclusi nella valutazione.","Tuttavia, questo è un confronto piuttosto approssimativo poiché molti altri fattori di impatto come il numero e la gravità dei pazienti dovrebbero essere inclusi nella valutazione.","Tuttavia, questo è un confronto piuttosto grezzo, poiché molti altri fattori di impatto come il numero e la gravità dei pazienti dovrebbero essere inclusi nella valutazione.",74.478,70.617,3.861,93.621,86.77,6.851,0.96,0.948,0.012
"Most impressively, the rate for symptomatic worsening (from light to severe) was remarkably lower for the WM+TCM group than for the WM only group (7.4% versus 46.2%) and the mortality was lower in the WM+TCM group than WM only group (8.8% versus 39%).","L’aspetto più impressionante è che il tasso di peggioramento sintomatico (da lieve a grave) era considerevolmente più basso per il gruppo MO+MTC che per il gruppo con solo MO (7,4% contro 46,2%) e la mortalità era più bassa nel gruppo MO+MTC che nel gruppo con solo MO (8,8% contro 39%).","Soprattutto, il tasso di peggioramento sintomatico (da lieve a grave) era notevolmente inferiore per il gruppo WM+TCM rispetto al gruppo solo WM (7,4% contro 46,2%) e la mortalità era inferiore nel gruppo WM+TCM rispetto al gruppo solo WM (8,8% contro 39%).","In modo particolarmente impressionante, il tasso di peggioramento dei sintomi (da lievi a gravi) era notevolmente più basso nel gruppo WM+TCM rispetto al gruppo WM solo (7,4% contro 46,2%) e la mortalità era inferiore nel gruppo WM+TCM rispetto al gruppo WM solo (8,8% contro 39%).",46.009,34.987,11.022,60.363,59.78,0.583,0.898,0.896,0.002
"Patients with suspected or confirmed COVID-19 mostly experience great fear of the highly contagious and even fatal disease, and quarantined people also experience boredom, loneliness, and anger.","I pazienti con COVID-19 sospetto o confermato manifestano per lo più una grande paura di questa malattia altamente contagiosa e perfino letale, e le persone in quarantena provano anche noia, solitudine e rabbia.","I pazienti con COVID-19 sospettato o confermato sperimentano per lo più una grande paura della malattia altamente contagiosa e persino fatale, e le persone in quarantena sperimentano anche noia, solitudine e rabbia.","I pazienti con sospetto o conferma di COVID-19 sperimentano in genere una grande paura della malattia altamente contagiosa e persino fatale, e le persone in quarantena sperimentano anche noia, solitudine e rabbia.",55.748,44.114,11.634,81.899,74.842,7.057,0.92,0.918,0.002
"Mandatory contact tracing and quarantine, as a part of the public health responses to the COVID-19 outbreak, can make people more anxious and guilty about the effects of the contagion, quarantine, and stigma on their families and friends.","Il tracciamento dei contatti e la quarantena obbligatori, in quanto parte delle risposte della sanità pubblica all’epidemia di COVID-19, possono far sentire le persone più in ansia e più in colpa per gli effetti del contagio, la quarantena e lo stigma sulle loro famiglie e i loro amici.","Il tracciamento obbligatorio dei contatti e la quarantena, come parte delle risposte di salute pubblica all'epidemia di COVID-19, possono rendere le persone più ansiose e colpevoli degli effetti del contagio, della quarantena e dello stigma sulle loro famiglie e amici.","La ricerca dei contatti obbligatoria e la quarantena, come parte delle risposte di salute pubblica all'epidemia di COVID-19, possono rendere le persone più ansiose e colpevoli riguardo agli effetti della contagione, della quarantena e dello stigma sulle loro famiglie e amici.",29.55,20.392,9.158,71.822,65.69,6.132,0.894,0.826,0.068
Effective vaccines are essential for interrupting the chain of transmission from animal reservoirs and infected humans to susceptible hosts and are often complementary to antiviral treatment in the control of epidemics caused by emerging viruses.,Dei vaccini efficaci sono essenziali per interrompere la catena di trasmissione da serbatoi animali ed esseri umani infetti a ospiti suscettibili e sono spesso complementari ai trattamenti antivirali nel controllo delle epidemie causate da virus emergenti.,Vaccini efficaci sono essenziali per interrompere la catena di trasmissione dai serbatoi animali e dagli esseri umani infetti agli ospiti sensibili e sono spesso complementari al trattamento antivirale nel controllo delle epidemie causate da virus emergenti.,I vaccini efficaci sono essenziali per interrompere la catena di trasmissione dai serbatoi animali e dagli esseri umani infetti agli ospiti suscettibili e sono spesso complementari al trattamento antivirale nel controllo delle epidemie causate da virus emergenti.,54.135,60.669,-6.534,86.443,90.556,-4.113,0.888,0.911,-0.023
"However, the in vivo efficacy of these vaccine candidates in elderly individuals and lethal-challenge models and their protection against zoonotic virus infection have yet to be determined before a clinical study is initiated.","Tuttavia, prima di avviare uno studio clinico bisogna ancora determinare l’efficacia in vivo di questi vaccini candidati in individui anziani e nei modelli di esposizione letale e la loro protezione contro un’infezione da virus di origine zoonotica.","Tuttavia, l'efficacia in vivo di questi vaccini candidati in individui anziani e modelli di sfida letale e la loro protezione contro l'infezione da virus zoonotico devono ancora essere determinate prima dell'avvio di uno studio clinico.","Tuttavia, l'efficacia in vivo di questi candidati vaccini negli individui anziani e nei modelli di sfida letale e la loro protezione contro l'infezione da virus zoonotico devono ancora essere determinate prima che sia avviato uno studio clinico.",43.68,36.914,6.766,70.719,70.255,0.464,0.85,0.884,-0.034
"Vaccination strategies have been developed for MERS by using inactivated virus, DNA plasmids, viral vectors, nanoparticles, virus-like particles and recombinant protein subunits and some have been evaluated in animal models.","Sono state sviluppate strategie di vaccinazione per la MERS usando virus inattivati, plasmidi del DNA, vettori virali, nanoparticelle, particelle virus-simili e sub unità di proteine ricombinanti, e alcune sono state valutate in modelli animali.","Sono state sviluppate strategie di vaccinazione per la MERS utilizzando virus inattivati, plasmidi di DNA, vettori virali, nanoparticelle, particelle simili a virus e subunità proteiche ricombinanti e alcune sono state valutate in modelli animali.","Sono state sviluppate strategie di vaccinazione per la MERS utilizzando virus inattivati, plasmidi di DNA, vettori virali, nanoparticelle, particelle simili a virus e sottounità proteiche ricombinanti e alcune sono state valutate in modelli animali.",62.78,62.78,0.0,86.731,85.06,1.671,0.917,0.916,0.001
"As a novel disease, COVID-19 has just started to manifest its full clinical course throughout thousands of patients.","In quanto nuova malattia, il COVID-19 ha appena iniziato a manifestare il suo intero decorso clinico in migliaia di pazienti.","Essendo una nuova malattia, il COVID-19 ha appena iniziato a manifestare il suo intero decorso clinico in migliaia di pazienti.","Come una malattia nuova, la COVID-19 ha appena iniziato a manifestare il suo completo corso clinico attraverso migliaia di pazienti.",90.213,45.733,44.48,92.854,72.771,20.083,0.924,0.892,0.032
"Therefore, building a prognosis model for the disease is essential for health-care agencies to prioritize their services, especially in resource-constrained areas.","Pertanto, costruire un modello di prognosi per la malattia è essenziale per le agenzie sanitarie per dare priorità ai loro servizi, specialmente in aree prive di risorse.","Pertanto, la costruzione di un modello di prognosi per la malattia è essenziale per le agenzie sanitarie per dare priorità ai loro servizi, specialmente nelle aree con risorse limitate.","Pertanto, creare un modello di prognosi per la malattia è essenziale per gli enti sanitari per dare priorità ai loro servizi, soprattutto in aree con risorse limitate.",68.849,53.997,14.852,83.775,70.447,13.328,0.951,0.943,0.008
"COVID-19 mainly happened at the age of 30-65 with 47.7% of those patients being over 50 in a study of 8,866 cases as described above.","Il COVID-19 si è verificato principalmente in persone con età dai 30 ai 65 anni, con il 47,7% di questi pazienti con età superiore ai 50 anni in uno studio di 8.866 casi descritto in precedenza.","Il COVID-19 si è verificato principalmente all'età di 30-65 anni con il 47,7% di quei pazienti che avevano più di 50 anni in uno studio su 8.866 casi come descritto sopra.","La COVID-19 si è verificata principalmente tra i 30 e 65 anni con il 47,7% dei pazienti sopra i 50 in uno studio di 8.866 casi come descritto sopra.",33.911,23.502,10.409,61.769,53.806,7.963,0.857,0.864,-0.007
Comorbidities and complications: Patients with COVID-19 who require intensive care are more likely to suffer from acute cardiac injury and arrhythmia.,Comorbilità e complicazioni: I pazienti con il COVID-19 che necessitano cure intensive hanno più probabilità di essere affetti da danni cardiaci acuti e aritmia.,Comorbidità e complicanze: i pazienti affetti da COVID-19 che necessitano di terapia intensiva hanno maggiori probabilità di soffrire di lesioni cardiache acute e aritmia.,Comorbidità e complicazioni: i pazienti con COVID-19 che richiedono cure intensive sono più suscettibili a subire un danno cardiaco acuto e aritmia.,12.37,12.645,-0.275,61.473,55.446,6.027,0.909,0.903,0.006
It is worth noting that age and underlying disease are strongly correlated and might interfere with each other.,È opportuno notare che l’età e le patologie pregresse sono fortemente correlate e potrebbero interferire l’una con le altre.,Vale la pena notare che l'età e la malattia sottostante sono fortemente correlate e potrebbero interferire l'una con l'altra.,È importante notare che l'età e la malattia sottostante sono fortemente correlate e potrebbero interferire l'una con l'altra.,28.728,29.452,-0.724,61.059,62.171,-1.112,0.922,0.928,-0.006
"In addition, elevated lactate dehydrogenase (LDH), aspartate aminotransferase (AST), alanine aminotransferase (ALT), and creatine kinase (CK) may also help predict the outcome.","Inoltre, anche elevati livelli di lattato deidrogenasi (LDH), aspartato aminotransferasi (AST), alanina aminotransferasi (ALT) e creatinchinasi (CK) potrebbero contribuire a prevedere l’esito.","Inoltre, elevati livelli di lattato deidrogenasi (LDH), aspartato aminotransferasi (AST), alanina aminotransferasi (ALT) e creatina chinasi (CK) possono anche aiutare a prevedere l'esito.","Inoltre, un aumento della lattato deidrogenasi (LDH), aspartato aminotransferasi (AST), alanina aminotransferasi (ALT) e creatina chinasi (CK) potrebbe anche aiutare a predire l'esito.",67.392,56.995,10.397,83.12,74.991,8.129,0.936,0.909,0.027
Major clinical symptoms: Chest radiography and temporal progression of clinical symptoms should be considered together with the other issues for the prediction of outcomes and complications of COVID-19.,Sintomi clinici principali: La radiografia toracica e la progressione temporale dei sintomi clinici dovrebbero essere prese in considerazione assieme agli altri sintomi nella previsione degli esiti e delle complicanze del COVID-19.,Principali sintomi clinici: la radiografia toracica e la progressione temporale dei sintomi clinici devono essere considerate insieme alle altre questioni per la previsione degli esiti e delle complicanze del COVID-19.,Sintomi clinici principali: la radiografia del torace e la progressione temporale dei sintomi clinici dovrebbero essere considerate insieme ad altre questioni per la previsione degli esiti e delle complicazioni della COVID-19.,49.589,44.356,5.233,75.813,75.156,0.657,0.864,0.87,-0.006
"Thus, if needed, steroids should be used at low dosage and for a short time in COVID-19 patients.","Pertanto, se necessario, gli steroidi dovrebbero essere utilizzati in basse dosi e per brevi periodi nei pazienti COVID-19.","Pertanto, se necessario, gli steroidi dovrebbero essere utilizzati a basso dosaggio e per un breve periodo nei pazienti COVID-19.","Pertanto, se necessario, gli steroidi dovrebbero essere utilizzati in dose bassa e per un breve periodo nei pazienti con COVID-19.",55.486,52.31,3.176,80.385,80.108,0.277,0.939,0.931,0.008
"According to demographic studies so far, COVID-19 seems to have different epidemiological features from SARS.","Secondo gli studi di popolazione effettuati finora, il COVID-19 sembra avere caratteristiche epidemiologiche differenti da quelle della SARS.","Secondo gli studi demografici finora, il COVID-19 sembra avere caratteristiche epidemiologiche diverse dalla SARS.","Secondo gli studi demografici fino ad ora, la COVID-19 sembra avere caratteristiche epidemiologiche diverse dal SARS.",44.244,27.081,17.163,68.205,60.213,7.992,0.903,0.887,0.016
"However, the transmission of SARS-CoV was considered to occur when the patients are severely ill, while most transmission did not happen at the early phase.","Tuttavia, si riteneva che la trasmissione del SARS-CoV avvenisse quando i pazienti erano gravemente malati, mentre la maggior parte della trasmissione non si verificava nella prima fase.","Tuttavia, la trasmissione di SARS-CoV è stata considerata verificarsi quando i pazienti sono gravemente malati, mentre la maggior parte della trasmissione non è avvenuta nella fase iniziale.","Tuttavia, la trasmissione del SARS-CoV era considerata come un evento che si verificava quando i pazienti erano gravemente malati, mentre la maggior parte delle trasmissioni non si verificava nella fase iniziale.",40.213,47.202,-6.989,71.453,77.11,-5.657,0.908,0.921,-0.013
"Although these actions have been dramatically damaging the economy and other sectors of the country, the number of new patients is declining, indicating the slowdown of the epidemic.","Sebbene queste azioni stiano danneggiando drasticamente l’economia e altri settori del Paese, il numero di nuovi pazienti sta diminuendo, indicando un rallentamento dell’epidemia.","Sebbene queste azioni abbiano drammaticamente danneggiato l'economia e altri settori del paese, il numero di nuovi pazienti è in calo, indicando il rallentamento dell'epidemia.","Anche se queste azioni hanno avuto un impatto devastante sull'economia e altri settori del paese, il numero di nuovi pazienti è in diminuzione, indicando una riduzione della velocità dell'epidemia.",33.391,25.827,7.564,72.204,57.844,14.36,0.944,0.914,0.03
"Paul Hunter, et al., estimated that COVID-19, which seems substantially more infectious than SARS, will not end in 2020.","Paul Hunter, et al. hanno stimato che il COVID-19, che sembra sensibilmente più infettivo della SARS, non terminerà nel 2020.","Paul Hunter, et al., Ha stimato che COVID-19, che sembra sostanzialmente più infettivo della SARS, non finirà nel 2020.","Paul Hunter e altri hanno stimato che la COVID-19, che sembra essere sostanzialmente più infettiva del SARS, non si concluderà nel 2020.",54.03,22.657,31.373,73.66,66.323,7.337,0.908,0.915,-0.007
"However, promising signs have occurred in China based on the declining number of new cases, indicating the current strategies might have been working.","Tuttavia, sono stati osservati segnali promettenti in Cina sulla base della diminuzione del numero dei nuovi casi, che indica che le strategie attuali potrebbero star funzionando.","Tuttavia, si sono verificati segnali promettenti in Cina sulla base del calo del numero di nuovi casi, indicando che le attuali strategie potrebbero aver funzionato.","Tuttavia, segnali promettenti si sono verificati in Cina sulla base della diminuzione del numero di nuovi casi, indicando che le strategie attuali potrebbero aver funzionato.",26.972,44.93,-17.958,65.865,77.086,-11.221,0.933,0.935,-0.002
"It is possible, similar to SARS-CoV, that SARS-CoV-2 might become weaker in infectivity and eventually die down or become a less pathogenic virus co-existent with humans.","È possibile che, analogamente al SARS-CoV, il SARS-CoV-2 possa indebolirsi in termini di infettività fino ad estinguersi o diventare un virus meno patogeno che coesiste con gli esseri umani.","È possibile, simile al SARS-CoV, che il SARS-CoV-2 diventi più debole nell'infettività e alla fine si estingua o diventi un virus meno patogeno coesistente con l'uomo.","È possibile, simile a quanto accaduto con il SARS-CoV, che il SARS-CoV-2 possa diventare meno infettivo e alla fine diminuire o diventare un virus meno patogeno co-esistente con gli esseri umani.",14.05,31.091,-17.041,52.43,60.522,-8.092,0.881,0.865,0.016
"The virus was also found in feces, which raises a new possibility of feces-to-mouth transmission.","Il virus è stato rinvenuto anche nelle feci, il che apre a una nuova possibilità di trasmissione oro-fecale.","Il virus è stato trovato anche nelle feci, il che solleva una nuova possibilità di trasmissione feci-bocca.","Il virus è stato anche trovato nelle feci, il che solleva una nuova possibilità di trasmissione da feci a bocca.",54.817,45.433,9.384,73.083,69.879,3.204,0.929,0.913,0.016
